"Module Name","Display Name","Driver Type","Link Date"
"1394ohci","1394 OHCI Compliant Host Controller","Kernel ","12/10/2006 4:44:38 PM"
"3ware","3ware","Kernel ","5/18/2015 6:28:03 PM"
"ACPI","Microsoft ACPI Driver","Kernel ","10/1/2096 3:53:06 AM"
"AcpiDev","ACPI Devices driver","Kernel ","12/7/1993 6:22:19 AM"
"acpiex","Microsoft ACPIEx Driver","Kernel ","3/1/2087 8:53:50 AM"
"acpipagr","ACPI Processor Aggregator Driver","Kernel ","1/24/2081 8:36:36 AM"
"AcpiPmi","ACPI Power Meter Driver","Kernel ","11/19/2006 9:20:15 PM"
"acpitime","ACPI Wake Alarm Driver","Kernel ","2/9/1974 7:10:30 AM"
"ADP80XX","ADP80XX","Kernel ","4/9/2015 4:49:48 PM"
"AFD","Ancillary Function Driver for Winsock","Kernel ","9/5/2077 12:28:14 AM"
"ahcache","Application Compatibility Cache","Kernel ","7/29/2004 12:52:50 AM"
"AmdK8","AMD K8 Processor Driver","Kernel ","6/16/2040 3:17:43 AM"
"amdkmafd","AMD Audio Bus Lower Filter","Kernel ","5/19/2015 7:26:48 PM"
"amdkmcsp","AMD Kernel Mode CSP Service","Kernel ","8/14/2015 12:11:48 AM"
"amdkmpfd","AMD PCI Root Bus Lower Filter","Kernel ","5/25/2015 4:25:23 PM"
"AmdPPM","AMD Processor Driver","Kernel ","12/23/2077 4:48:10 PM"
"amdpsp","AMD PSP Service","Kernel ","8/14/2015 12:09:34 AM"
"amdsata","amdsata","Kernel ","5/14/2015 8:14:52 AM"
"amdsbs","amdsbs","Kernel ","12/11/2012 4:21:44 PM"
"amdxata","amdxata","Kernel ","4/30/2015 8:55:35 PM"
"AppID","AppID Driver","Kernel ","3/17/2072 8:13:51 PM"
"applockerfltr","Smartlocker Filter Driver","Kernel ","9/17/2101 5:17:41 AM"
"arcsas","Adaptec SAS/SATA-II RAID Storport's Miniport Driver","Kernel ","4/9/2015 3:12:07 PM"
"AsyncMac","RAS Asynchronous Media Driver","Kernel ","8/8/2097 10:12:49 AM"
"atapi","IDE Channel","Kernel ","11/27/2000 6:57:51 PM"
"b06bdrv","QLogic Network Adapter VBD","Kernel ","5/25/2016 3:03:08 AM"
"BasicDisplay","BasicDisplay","Kernel ","2/22/2093 10:33:08 AM"
"BasicRender","BasicRender","Kernel ","7/9/2007 6:39:00 PM"
"bcmfn2","bcmfn2 Service","Kernel ","10/31/2016 10:09:15 PM"
"Beep","Beep","Kernel ","1/1/2060 11:27:10 AM"
"bowser","Browser Support Driver","File System ","11/14/2063 5:49:42 PM"
"BthAvrcpTg","Bluetooth Audio/Video Remote Control HID","Kernel ","9/11/2022 3:32:06 PM"
"BthHFEnum","Bluetooth Hands-Free Audio and Call Control HID Enumerator","Kernel ","8/23/2085 6:58:16 AM"
"bthhfhid","Bluetooth Hands-Free Call Control HID","Kernel ","4/25/2011 12:21:49 AM"
"BTHMODEM","Bluetooth Modem Communications Driver","Kernel ","4/4/2079 5:31:37 AM"
"buttonconverter","Service for Portable Device Control devices","Kernel ","11/30/2068 8:00:03 PM"
"CAD","Charge Arbitration Driver","Kernel ","12/3/2017 4:31:49 AM"
"CapImg","HID driver for CapImg touch screen","Kernel ","12/27/2059 10:11:50 AM"
"cdfs","CD/DVD File System Reader","File System ","1/6/2064 1:54:26 PM"
"cdrom","CD-ROM Driver","Kernel ","7/20/1972 6:39:41 PM"
"cht4iscsi","cht4iscsi","Kernel ","4/20/2016 5:54:30 AM"
"cht4vbd","Chelsio Virtual Bus Driver","Kernel ","4/15/2016 3:32:54 AM"
"circlass","Consumer IR Devices","Kernel ","7/10/2094 11:26:42 PM"
"CldFlt","Windows Cloud Files Filter Driver","File System ","5/17/2064 5:03:21 AM"
"CLFS","Common Log (CLFS)","Kernel ","2/5/2094 10:27:53 PM"
"clreg","Virtual Registry for Containers","Kernel ","8/16/2055 5:08:54 AM"
"CmBatt","Microsoft ACPI Control Method Battery Driver","Kernel ","7/26/2053 8:56:57 AM"
"CNG","CNG","Kernel ","2/21/2099 8:35:34 AM"
"cnghwassist","CNG Hardware Assist algorithm provider","Kernel ","2/15/2009 9:39:48 PM"
"CompositeBus","Composite Bus Enumerator Driver","Kernel ","6/16/2056 9:59:53 AM"
"condrv","Console Driver","Kernel ","6/25/2031 9:27:43 PM"
"dam","Desktop Activity Moderator Driver","Kernel ","9/1/2098 4:34:43 AM"
"Dfsc","DFS Namespace Client Driver","File System ","3/4/2023 5:04:07 AM"
"Disk","Disk Driver","Kernel ","3/28/2009 2:37:28 PM"
"dmvsc","dmvsc","Kernel ","3/14/2099 5:44:35 AM"
"drmkaud","Microsoft Trusted Audio Drivers","Kernel ","9/26/1996 12:21:58 PM"
"DXGKrnl","LDDM Graphics Subsystem","Kernel ","5/29/2040 8:35:50 PM"
"ebdrv","QLogic 10 Gigabit Ethernet Adapter VBD","Kernel ","5/25/2016 3:01:05 AM"
"EhStorClass","Enhanced Storage Filter Driver","Kernel ","1/2/2088 8:18:11 PM"
"EhStorTcgDrv","Microsoft driver for storage devices supporting IEEE 1667 and TCG protocols","Kernel ","6/12/2100 10:14:48 PM"
"ElcMouLFlt","ELECOM USB Mouse Lower Filter Driver","Kernel ","10/4/2010 7:30:57 PM"
"ElcMouUFlt","ELECOM USB Mouse Upper Filter Driver","Kernel ","11/30/2010 12:42:46 AM"
"ErrDev","Microsoft Hardware Error Device Driver","Kernel ","2/27/2013 3:51:53 PM"
"exfat","exFAT File System Driver","File System ","9/27/2034 6:25:11 AM"
"fastfat","FAT12/16/32 File System Driver","File System ","8/8/2078 10:25:13 AM"
"fdc","Floppy Disk Controller Driver","Kernel ","2/2/1975 11:36:16 AM"
"FileCrypt","FileCrypt","File System ","5/28/2030 4:10:59 AM"
"FileInfo","File Information FS MiniFilter","File System ","6/30/2042 10:43:32 AM"
"Filetrace","Filetrace","File System ","2/24/2101 1:55:03 PM"
"flpydisk","Floppy Disk Driver","Kernel ","5/21/2084 11:16:11 AM"
"FltMgr","FltMgr","File System ","1/1/2047 6:09:19 AM"
"FsDepends","File System Dependency Minifilter","File System ","4/20/2018 7:09:27 PM"
"fvevol","BitLocker Drive Encryption Filter Driver","Kernel ","9/20/2101 2:15:13 AM"
"gencounter","Microsoft Hyper-V Generation Counter","Kernel ","5/5/1995 12:36:10 AM"
"genericusbfn","Generic USB Function Class","Kernel ","5/15/2006 11:31:15 AM"
"GPIOClx0101","Microsoft GPIO Class Extension Driver","Kernel ","6/17/2039 4:01:13 PM"
"GpuEnergyDrv","GPU Energy Driver","Kernel ","11/11/1972 3:01:57 AM"
"hcmon","VMware hcmon","Kernel ","8/18/2016 1:43:53 AM"
"HDAudBus","Microsoft UAA Bus Driver for High Definition Audio","Kernel ","1/27/1988 1:21:45 AM"
"HidBatt","HID UPS Battery Driver","Kernel ","7/3/2016 6:25:51 AM"
"HidBth","Microsoft Bluetooth HID Miniport","Kernel ","8/3/2079 11:49:53 AM"
"hidi2c","Microsoft I2C HID Miniport Driver","Kernel ","3/4/2045 3:13:23 PM"
"hidinterrupt","Common Driver for HID Buttons implemented with interrupts","Kernel ","7/6/1991 3:10:26 AM"
"HidIr","Microsoft Infrared HID Driver","Kernel ","3/30/2078 5:28:49 PM"
"HidUsb","Microsoft HID Class Driver","Kernel ","5/3/2016 3:23:27 AM"
"HpSAMD","HpSAMD","Kernel ","3/26/2013 5:36:54 PM"
"HTTP","HTTP Service","Kernel ","10/5/2078 8:59:23 PM"
"hvservice","Hypervisor/Virtual Machine Support Driver","Kernel ","6/9/1977 10:05:34 AM"
"hwpolicy","Hardware Policy Driver","Kernel ","2/4/2045 6:49:56 AM"
"hyperkbd","hyperkbd","Kernel ","11/8/2104 6:18:45 PM"
"i8042prt","PS/2 Keyboard and Mouse Port Driver","Kernel ","11/10/1995 12:53:53 PM"
"iagpio","Intel Serial IO GPIO Controller Driver","Kernel ","2/18/2016 2:35:09 AM"
"iai2c","Intel(R) Serial IO I2C Host Controller","Kernel ","9/22/2015 2:53:03 AM"
"iaLPSS2i_GPIO2","Intel(R) Serial IO GPIO Driver v2","Kernel ","8/8/2016 10:23:09 PM"
"iaLPSS2i_GPIO2_BXT_P","Intel(R) Serial IO GPIO Driver v2","Kernel ","2/3/2017 12:51:05 AM"
"iaLPSS2i_I2C","Intel(R) Serial IO I2C Driver v2","Kernel ","8/8/2016 10:22:47 PM"
"iaLPSS2i_I2C_BXT_P","Intel(R) Serial IO I2C Driver v2","Kernel ","2/3/2017 12:50:37 AM"
"iaLPSSi_GPIO","Intel(R) Serial IO GPIO Controller Driver","Kernel ","2/2/2015 4:00:09 AM"
"iaLPSSi_I2C","Intel(R) Serial IO I2C Controller Driver","Kernel ","2/24/2015 10:52:07 AM"
"iaStorA","iaStorA","Kernel ","11/4/2015 5:27:49 AM"
"iaStorAV","Intel(R) SATA RAID Controller Windows","Kernel ","2/19/2015 7:08:39 AM"
"iaStorV","Intel RAID Controller Windows 7","Kernel ","4/11/2011 2:48:16 PM"
"ibbus","Mellanox InfiniBand Bus/AL (Filter Driver)","Kernel ","4/10/2016 9:46:21 AM"
"IndirectKmd","Indirect Displays Kernel-Mode Driver","Kernel ","2/23/2060 9:30:57 PM"
"IntcAzAudAddService","Service for Realtek HD Audio (WDM)","Kernel ","8/4/2015 7:46:04 AM"
"intelide","intelide","Kernel ","12/7/2008 12:16:35 AM"
"intelpep","Intel(R) Power Engine Plug-in Driver","Kernel ","4/19/2007 4:53:10 AM"
"intelppm","Intel Processor Driver","Kernel ","6/7/2079 12:38:54 AM"
"iorate","Disk I/O Rate Filter Driver","Kernel ","2/1/2013 6:15:43 PM"
"IpFilterDriver","IP Traffic Filter Driver","Kernel ","5/25/2028 12:01:58 AM"
"IPMIDRV","IPMIDRV","Kernel ","5/3/1995 7:19:39 AM"
"IPNAT","IP Network Address Translator","Kernel ","9/2/2077 8:24:53 PM"
"irda","irda","Kernel ","10/5/2004 7:00:37 PM"
"IRENUM","IR Bus Enumerator","Kernel ","12/22/2038 4:31:52 PM"
"isapnp","isapnp","Kernel ","12/8/2055 12:46:48 PM"
"iScsiPrt","iScsiPort Driver","Kernel ","3/29/2019 12:42:59 PM"
"kbdclass","Keyboard Class Driver","Kernel ","1/11/2084 1:17:01 AM"
"kbdhid","Keyboard HID Driver","Kernel ","4/24/2022 12:10:44 AM"
"kdnic","Microsoft Kernel Debug Network Miniport (NDIS 6.20)","Kernel ","8/21/2093 4:38:50 AM"
"KSecDD","KSecDD","Kernel ","7/15/2061 9:24:55 AM"
"KSecPkg","KSecPkg","Kernel ","9/1/2061 11:23:07 PM"
"ksthunk","Kernel Streaming Thunks","Kernel ","2/14/2060 1:41:11 PM"
"lltdio","Link-Layer Topology Discovery Mapper I/O Driver","Kernel ","9/12/2087 7:48:37 AM"
"LSI_SAS","LSI_SAS","Kernel ","3/25/2015 3:36:48 PM"
"LSI_SAS2i","LSI_SAS2i","Kernel ","8/5/2016 10:08:34 AM"
"LSI_SAS3i","LSI_SAS3i","Kernel ","8/8/2016 8:07:48 AM"
"LSI_SSS","LSI_SSS","Kernel ","3/15/2013 7:39:38 PM"
"luafv","UAC File Virtualization","File System ","6/8/2037 5:55:59 AM"
"mausbhost","MA-USB Host Controller Driver","Kernel ","7/17/2039 7:48:45 PM"
"mausbip","MA-USB IP Filter Driver","Kernel ","7/17/2100 7:05:24 PM"
"megasas","megasas","Kernel ","3/4/2015 9:36:29 PM"
"megasas2i","megasas2i","Kernel ","7/22/2016 5:36:46 PM"
"megasr","megasr","Kernel ","6/3/2013 6:02:39 PM"
"MEIx64","Intel(R) Management Engine Interface ","Kernel ","10/8/2015 2:13:00 PM"
"mlx4_bus","Mellanox ConnectX Bus Enumerator","Kernel ","4/10/2016 9:49:39 AM"
"MMCSS","Multimedia Class Scheduler","Kernel ","9/14/2049 9:25:49 PM"
"Modem","Modem","Kernel ","9/13/2094 8:41:38 AM"
"monitor","Microsoft Monitor Class Function Driver Service","Kernel ","11/17/2014 8:45:15 PM"
"mouclass","Mouse Class Driver","Kernel ","10/23/2035 10:38:45 AM"
"mouhid","Mouse HID Driver","Kernel ","5/26/2090 6:52:31 AM"
"mountmgr","Mount Point Manager","Kernel ","7/27/2094 11:10:51 AM"
"mpsdrv","Windows Firewall Authorization Driver","Kernel ","11/26/1980 9:16:18 PM"
"MRxDAV","WebDav Client Redirector Driver","File System ","3/1/2052 12:11:57 AM"
"mrxsmb","SMB MiniRedirector Wrapper and Engine","File System ","10/15/2004 9:47:34 PM"
"mrxsmb10","SMB 1.x MiniRedirector","File System ","9/11/2082 7:55:56 AM"
"mrxsmb20","SMB 2.0 MiniRedirector","File System ","4/28/1979 6:22:19 AM"
"MsBridge","Microsoft MAC Bridge","Kernel ","2/8/2047 9:27:58 AM"
"Msfs","Msfs","File System ","10/24/2000 7:07:15 AM"
"msgpiowin32","Common Driver for Buttons, DockMode and Laptop/Slate Indicator","Kernel ","1/11/1982 1:02:43 AM"
"mshidkmdf","mshidkmdf","Kernel ","12/17/2018 8:08:26 AM"
"mshidumdf","Pass-through HID to UMDF Driver","Kernel ","7/14/2086 1:42:47 PM"
"msisadrv","msisadrv","Kernel ","5/24/2069 12:53:03 PM"
"MSKSSRV","Microsoft Streaming Service Proxy","Kernel ","3/24/2025 12:23:32 PM"
"MSPCLOCK","Microsoft Streaming Clock Proxy","Kernel ","2/10/1993 8:28:02 AM"
"MSPQM","Microsoft Streaming Quality Manager Proxy","Kernel ","3/23/2058 6:23:03 AM"
"MsRPC","MsRPC","Kernel ","1/17/1982 7:05:49 AM"
"mssmbios","Microsoft System Management BIOS Driver","Kernel ","2/10/2070 12:40:28 AM"
"MSTEE","Microsoft Streaming Tee/Sink-to-Sink Converter","Kernel ","10/27/1990 10:17:55 PM"
"MTConfig","Microsoft Input Configuration Driver","Kernel ","6/17/2024 11:06:38 PM"
"Mup","Mup","File System ","11/30/2050 9:03:56 AM"
"mvumis","mvumis","Kernel ","5/23/2014 4:39:04 PM"
"NativeWifiP","NativeWiFi Filter","Kernel ","2/13/2003 3:44:49 AM"
"ndfltr","NetworkDirect Service","Kernel ","4/10/2016 9:46:09 AM"
"NDIS","NDIS System Driver","Kernel ","1/28/1981 5:27:08 AM"
"NdisCap","Microsoft NDIS Capture","Kernel ","10/29/1982 1:29:24 AM"
"NdisImPlatform","Microsoft Network Adapter Multiplexor Protocol","Kernel ","6/13/1978 10:11:23 PM"
"NdisTapi","Remote Access NDIS TAPI Driver","Kernel ","4/11/2012 12:36:41 AM"
"Ndisuio","NDIS Usermode I/O Protocol","Kernel ","2/13/2104 11:22:17 PM"
"NdisVirtualBus","Microsoft Virtual Network Adapter Enumerator","Kernel ","1/5/2065 4:02:04 PM"
"NdisWan","Remote Access NDIS WAN Driver","Kernel ","11/30/2097 3:10:29 AM"
"ndiswanlegacy","Remote Access LEGACY NDIS WAN Driver","Kernel ","11/30/2097 3:10:29 AM"
"ndproxy","@%SystemRoot%\system32\drivers\todo.sys,-101;NDIS Proxy","Kernel ","11/15/1988 2:08:24 AM"
"Ndu","Windows Network Data Usage Monitoring Driver","Kernel ","7/8/2040 5:00:03 AM"
"NetAdapterCx","Network Adapter Wdf Class Extension Library","Kernel ","8/24/2091 6:40:33 PM"
"NetBIOS","NetBIOS Interface","File System ","7/21/2048 3:30:47 PM"
"NetBT","NetBT","Kernel ","3/6/1994 4:54:14 PM"
"netvsc","netvsc","Kernel ","8/23/2001 10:44:15 AM"
"NPF","NetGroup Packet Filter Driver","Kernel ","2/28/2013 8:31:24 PM"
"Npfs","Npfs","File System ","7/14/2030 6:34:01 PM"
"npsvctrig","Named pipe service trigger provider","Kernel ","7/25/2097 6:18:05 AM"
"nsiproxy","NSI Proxy Service Driver","Kernel ","5/16/2013 8:14:54 PM"
"NTFS","NTFS","File System ","10/14/2022 10:57:53 PM"
"Null","Null","Kernel ","7/15/2081 2:14:03 AM"
"nvdimmn","Microsoft NVDIMM-N device driver","Kernel ","10/20/2087 7:03:12 PM"
"NVHDA","Service for NVIDIA High Definition Audio Driver","Kernel ","3/15/2017 8:48:41 AM"
"nvlddmkm","nvlddmkm","Kernel ","5/1/2017 3:55:53 PM"
"nvraid","nvraid","Kernel ","4/21/2014 2:28:42 PM"
"nvstor","nvstor","Kernel ","4/21/2014 2:34:03 PM"
"NvStreamKms","NVIDIA KMS","Kernel ","2/27/2017 11:02:04 AM"
"NvStUSB","NVIDIA Stereoscopic 3D USB driver","Kernel ","4/27/2015 3:12:33 PM"
"nvvad_WaveExtensible","NVIDIA Virtual Audio Device (Wave Extensible) (WDM)","Kernel ","2/6/2017 4:37:01 AM"
"nvvhci","NVVHCI Enumerator Service","Kernel ","12/27/2016 8:44:00 PM"
"Parport","Parallel port driver","Kernel ","5/9/2059 9:00:32 PM"
"partmgr","Partition driver","Kernel ","2/20/2002 6:58:57 PM"
"pci","PCI Bus Driver","Kernel ","8/2/2025 5:15:37 AM"
"pciide","pciide","Kernel ","4/14/1992 9:00:15 PM"
"pcmcia","pcmcia","Kernel ","5/3/2055 11:46:24 PM"
"pcw","Performance Counters for Windows Driver","Kernel ","1/10/1970 2:29:41 PM"
"pdc","pdc","Kernel ","7/4/1990 12:39:08 PM"
"PEAUTH","PEAUTH","Kernel ","12/9/1989 9:03:08 PM"
"percsas2i","percsas2i","Kernel ","3/14/2016 8:50:11 PM"
"percsas3i","percsas3i","Kernel ","3/4/2016 4:22:10 PM"
"pmem","Microsoft persistent memory disk driver","Kernel ","10/21/2067 12:47:22 AM"
"PptpMiniport","WAN Miniport (PPTP)","Kernel ","2/10/2097 2:13:17 AM"
"Processor","Processor Driver","Kernel ","3/6/1995 11:17:51 AM"
"Psched","QoS Packet Scheduler","Kernel ","5/2/2072 8:51:28 PM"
"QWAVEdrv","QWAVE driver","Kernel ","5/6/2100 1:01:39 PM"
"RasAcd","Remote Access Auto Connection Driver","Kernel ","8/16/2004 6:15:01 PM"
"RasAgileVpn","WAN Miniport (IKEv2)","Kernel ","5/3/2078 7:47:35 PM"
"Rasl2tp","WAN Miniport (L2TP)","Kernel ","12/16/2073 9:16:30 AM"
"RasPppoe","Remote Access PPPOE Driver","Kernel ","7/21/2061 3:38:01 AM"
"RasSstp","WAN Miniport (SSTP)","Kernel ","12/6/2052 12:50:21 AM"
"rdbss","Redirected Buffering Sub System","File System ","6/15/2090 3:46:18 AM"
"rdpbus","Remote Desktop Device Redirector Bus Driver","Kernel ","2/1/2004 4:17:30 PM"
"RDPDR","Remote Desktop Device Redirector Driver","Kernel ","3/9/2085 7:28:19 PM"
"RdpVideoMiniport","Remote Desktop Video Miniport Driver","Kernel ","2/21/2001 11:39:13 PM"
"rdyboost","ReadyBoost","Kernel ","8/30/2077 5:53:16 PM"
"ReFS","ReFS","File System ","4/13/2042 2:13:32 AM"
"ReFSv1","ReFSv1","File System ","5/8/1970 3:19:18 AM"
"rspndr","Link-Layer Topology Discovery Responder","Kernel ","5/19/1991 10:37:53 PM"
"rt640x64","Realtek RT640 NT Driver","Kernel ","7/9/2015 2:30:41 AM"
"s3cap","s3cap","Kernel ","11/19/2091 9:09:03 PM"
"sbp2port","SBP-2 Transport/Protocol Bus Driver","Kernel ","9/14/2033 12:32:13 PM"
"scfilter","Smart card PnP Class Filter Driver","Kernel ","3/11/2088 1:32:31 AM"
"scmbus","Microsoft Storage Class Memory Bus Driver","Kernel ","11/23/2077 6:35:32 AM"
"sdbus","sdbus","Kernel ","5/15/2005 11:15:09 AM"
"SDFRd","SDF Reflector","Kernel ","5/9/2089 11:19:49 PM"
"sdstor","SD Storage Port Driver","Kernel ","1/4/2035 8:59:31 AM"
"SensorsSimulatorDriver","UMDF Reflector service for SensorsSimulatorDriver","Kernel ","3/15/2045 1:40:54 PM"
"ser2attr","Tripp Lite USB to Serial port","Kernel ","11/16/2009 2:46:54 AM"
"SerCx","Serial UART Support Library","Kernel ","4/13/2089 4:38:00 PM"
"SerCx2","Serial UART Support Library","Kernel ","10/31/2091 11:34:54 AM"
"Serenum","Serenum Filter Driver","Kernel ","3/11/2095 7:29:34 AM"
"Serial","Serial port driver","Kernel ","7/26/2023 9:01:20 PM"
"sermouse","Serial Mouse Driver","Kernel ","8/25/1982 10:31:45 PM"
"sfloppy","High-Capacity Floppy Disk Drive","Kernel ","7/4/2008 1:35:22 PM"
"SiSRaid2","SiSRaid2","Kernel ","9/24/2008 2:28:20 PM"
"SiSRaid4","SiSRaid4","Kernel ","10/1/2008 5:56:04 PM"
"spaceport","Storage Spaces Driver","Kernel ","4/25/2035 1:38:08 AM"
"SpatialGraphFilter","Holographic Spatial Graph Filter","Kernel ","3/31/1994 1:54:15 PM"
"SpbCx","Simple Peripheral Bus Support Library","Kernel ","12/22/2033 2:05:51 PM"
"srv","Server SMB 1.xxx Driver","File System ","12/11/2028 9:16:29 PM"
"srv2","Server SMB 2.xxx Driver","File System ","12/12/2021 8:38:44 AM"
"srvnet","srvnet","File System ","7/4/2060 8:19:50 PM"
"stexstor","stexstor","Kernel ","11/26/2012 7:02:51 PM"
"storahci","Microsoft Standard SATA AHCI Driver","Kernel ","3/25/1979 7:56:24 AM"
"storflt","Microsoft Hyper-V Storage Accelerator","Kernel ","8/8/1988 1:12:33 PM"
"stornvme","Microsoft Standard NVM Express Driver","Kernel ","3/13/2001 3:19:09 AM"
"storqosflt","Storage QoS Filter Driver","File System ","12/17/2015 10:36:27 PM"
"storufs","Microsoft Universal Flash Storage (UFS) Driver","Kernel ","12/8/2102 4:44:50 AM"
"storvsc","storvsc","Kernel ","10/11/2000 8:58:13 AM"
"swenum","Software Bus Driver","Kernel ","10/19/2068 6:12:20 PM"
"Synth3dVsc","Synth3dVsc","Kernel ","1/16/2000 9:20:23 PM"
"Tcpip","TCP/IP Protocol Driver","Kernel ","11/10/1976 8:41:01 AM"
"Tcpip6","@todo.dll,-100;Microsoft IPv6 Protocol Driver","Kernel ","11/10/1976 8:41:01 AM"
"tcpipreg","TCP/IP Registry Compatibility","Kernel ","12/1/2097 10:06:07 PM"
"tdx","NetIO Legacy TDI Support Driver","Kernel ","7/23/2040 12:31:45 AM"
"terminpt","Microsoft Remote Desktop Input Driver","Kernel ","8/18/2067 10:33:46 PM"
"TPM","TPM","Kernel ","4/14/2043 12:40:43 AM"
"TsUsbFlt","Remote Desktop USB Hub Class Filter Driver","Kernel ","2/14/2055 7:14:40 PM"
"TsUsbGD","Remote Desktop Generic USB Device","Kernel ","10/11/2001 10:37:50 AM"
"tunnel","Microsoft Tunnel Miniport Adapter Driver","Kernel ","6/4/1981 6:42:24 PM"
"t_mouse.sys","HID-compliand device","Kernel ","12/3/2012 1:19:30 AM"
"UASPStor","USB Attached SCSI (UAS) Driver","Kernel ","6/12/2038 4:41:49 PM"
"UcmCx0101","USB Connector Manager KMDF Class Extension","Kernel ","9/7/2030 12:21:30 PM"
"UcmTcpciCx0101","UCM-TCPCI KMDF Class Extension","Kernel ","11/26/2018 10:10:48 AM"
"UcmUcsi","USB Connector Manager UCSI Client","Kernel ","8/4/2097 12:09:14 PM"
"Ucx01000","USB Host Support Library","Kernel ","2/22/1994 9:51:48 AM"
"UdeCx","USB Device Emulation Support Library","Kernel ","10/19/2094 10:28:22 PM"
"udfs","udfs","File System ","6/10/1983 12:21:25 AM"
"UEFI","Microsoft UEFI Driver","Kernel ","9/30/2022 5:36:44 PM"
"Ufx01000","USB Function Class Extension","Kernel ","6/23/1992 8:13:13 PM"
"UfxChipidea","USB Chipidea Controller","Kernel ","12/16/2030 11:45:43 AM"
"ufxsynopsys","USB Synopsys Controller","Kernel ","12/12/2018 3:36:49 PM"
"umbus","UMBus Enumerator Driver","Kernel ","7/1/2025 10:26:17 AM"
"UmPass","Microsoft UMPass Driver","Kernel ","9/29/2075 11:24:55 AM"
"UrsChipidea","Chipidea USB Role-Switch Driver","Kernel ","10/4/1990 10:28:10 AM"
"UrsCx01000","USB Role-Switch Support Library","Kernel ","8/19/2090 5:54:46 PM"
"UrsSynopsys","Synopsys USB Role-Switch Driver","Kernel ","7/5/2082 8:10:18 PM"
"USBAAPL64","Apple Mobile USB Driver","Kernel ","6/11/2015 2:08:10 AM"
"usbaudio","USB Audio Driver (WDM)","Kernel ","5/31/2086 10:09:58 PM"
"usbccgp","Microsoft USB Generic Parent Driver","Kernel ","7/21/2018 6:16:10 AM"
"usbcir","eHome Infrared Receiver (USBCIR)","Kernel ","8/14/2021 3:58:51 PM"
"usbehci","Microsoft USB 2.0 Enhanced Host Controller Miniport Driver","Kernel ","5/3/2066 10:42:10 AM"
"usbhub","Microsoft USB Standard Hub Driver","Kernel ","1/22/1980 1:58:50 AM"
"USBHUB3","SuperSpeed Hub","Kernel ","9/6/2064 2:15:40 PM"
"usbohci","Microsoft USB Open Host Controller Miniport Driver","Kernel ","1/17/2047 8:50:11 AM"
"usbprint","Microsoft USB PRINTER Class","Kernel ","8/13/1983 1:49:14 AM"
"usbscan","USB Scanner Driver","Kernel ","12/25/1993 4:25:46 PM"
"usbser","Microsoft USB Serial Driver","Kernel ","12/2/2033 9:41:46 AM"
"USBSTOR","USB Mass Storage Driver","Kernel ","12/6/2090 5:31:44 AM"
"usbuhci","Microsoft USB Universal Host Controller Miniport Driver","Kernel ","7/7/2079 8:39:02 AM"
"USBXHCI","USB xHCI Compliant Host Controller","Kernel ","7/17/2005 11:39:46 PM"
"vdrvroot","Microsoft Virtual Drive Enumerator","Kernel ","6/27/2072 6:54:08 AM"
"VerifierExt","VerifierExt","Kernel ","9/19/2105 12:47:11 PM"
"vhdmp","vhdmp","Kernel ","10/21/2011 12:33:32 AM"
"vhf","Virtual HID Framework (VHF) Driver","Kernel ","12/17/2014 9:46:15 PM"
"vmbus","Virtual Machine Bus","Kernel ","3/19/2007 11:41:59 PM"
"VMBusHID","VMBusHID","Kernel ","2/5/2016 2:49:01 PM"
"vmci","VMware VMCI Bus Driver","Kernel ","6/4/2016 4:08:00 AM"
"vmgid","Microsoft Hyper-V Guest Infrastructure Driver","Kernel ","3/20/2038 6:11:49 AM"
"VMnetAdapter","VMware Virtual Ethernet Adapter Driver","Kernel ","12/20/2016 11:20:52 PM"
"VMnetBridge","VMware Bridge Protocol","Kernel ","12/20/2016 11:20:53 PM"
"VMnetUserif","VMware Virtual Ethernet Userif for VMnet","Kernel ","12/20/2016 11:20:52 PM"
"vmusb","VMware USB Client Driver","Kernel ","7/25/2016 10:53:39 PM"
"vmx86","VMware vmx86","Kernel ","6/13/2017 11:37:50 PM"
"volmgr","Volume Manager Driver","Kernel ","5/5/2084 6:30:31 AM"
"volmgrx","Dynamic Volume Manager","Kernel ","10/1/2082 11:55:30 PM"
"volsnap","Volume Shadow Copy driver","Kernel ","1/8/2087 1:12:33 PM"
"volume","Volume driver","Kernel ","5/1/2053 8:05:11 PM"
"vpci","Microsoft Hyper-V Virtual PCI Bus","Kernel ","10/10/2087 6:02:48 PM"
"vsmraid","vsmraid","Kernel ","4/22/2014 3:21:41 PM"
"VSTXRAID","VIA StorX Storage RAID Controller Windows Driver","Kernel ","1/21/2013 2:00:28 PM"
"vwifibus","Virtual Wireless Bus Driver","Kernel ","4/9/2065 9:36:26 AM"
"vwififlt","Virtual WiFi Filter Driver","Kernel ","6/12/2032 8:15:16 AM"
"WacomPen","Wacom Serial Pen HID Driver","Kernel ","3/31/2030 5:19:11 AM"
"wanarp","Remote Access IP ARP Driver","Kernel ","5/28/1982 3:51:08 AM"
"wanarpv6","Remote Access IPv6 ARP Driver","Kernel ","5/28/1982 3:51:08 AM"
"wcifs","Windows Container Isolation","File System ","7/15/2079 2:50:57 PM"
"wcnfs","Windows Container Name Virtualization","File System ","8/30/1990 5:18:50 AM"
"WdBoot","Windows Defender Antivirus Boot Driver","Kernel ","10/25/2038 11:26:40 PM"
"Wdf01000","Kernel Mode Driver Frameworks service","Kernel ","9/12/1990 9:32:07 PM"
"WdFilter","Windows Defender Antivirus Mini-Filter Driver","File System ","10/4/2102 12:25:01 PM"
"wdiwifi","WDI Driver Framework","Kernel ","7/2/2089 10:27:19 PM"
"WdNisDrv","Windows Defender Antivirus Network Inspection System Driver","Kernel ","11/17/1981 1:07:50 AM"
"WFPLWFS","Microsoft Windows Filtering Platform","Kernel ","4/5/2010 3:35:50 PM"
"WIMMount","WIMMount","File System ","6/20/2037 9:23:38 AM"
"WindowsTrustedRT","Windows Trusted Execution Environment Class Extension","Kernel ","3/19/2091 12:08:22 PM"
"WindowsTrustedRTProxy","Microsoft Windows Trusted Runtime Secure Service","Kernel ","7/28/2006 9:32:40 AM"
"WinMad","WinMad Service","Kernel ","4/10/2016 9:46:08 AM"
"WinNat","Windows NAT Driver","Kernel ","8/5/2097 11:23:01 AM"
"WINUSB","WinUsb Driver","Kernel ","7/17/1979 8:27:52 PM"
"WinVerbs","WinVerbs Service","Kernel ","4/10/2016 9:46:10 AM"
"WmiAcpi","Microsoft Windows Management Interface for ACPI","Kernel ","7/23/1981 1:29:52 PM"
"Wof","Windows Overlay File System Filter Driver","File System ","3/11/1974 6:47:45 PM"
"WpdUpFltr","WPD Upper Class Filter Driver","Kernel ","4/8/2102 7:39:04 AM"
"ws2ifsl","Windows Socket 2.0 Non-IFS Service Provider Support Environment","Kernel ","3/18/2010 8:40:36 PM"
"WsAudioDevice_383","WsAudioDevice_383","Kernel ","7/23/2009 8:04:10 AM"
"WSDPrintDevice","WSD Print Support","Kernel ","3/3/2065 7:33:33 PM"
"WudfPf","User Mode Driver Frameworks Platform Driver","Kernel ","6/18/1986 11:58:15 PM"
"WUDFRd","WUDFRd","Kernel ","3/15/2045 1:40:54 PM"
"WUDFWpdFs","WUDFWpdFs","Kernel ","3/15/2045 1:40:54 PM"
"WUDFWpdMtp","WUDFWpdMtp","Kernel ","3/15/2045 1:40:54 PM"
"xboxgip","Xbox Game Input Protocol Driver","Kernel ","8/13/1997 9:22:13 AM"
"xinputhid","XINPUT HID Filter Driver","Kernel ","9/14/2001 4:07:23 PM"
"MpKsl12503f5b","MpKsl12503f5b","Kernel ","5/19/2015 9:50:37 PM"
