"Image Name","PID","Session Name","Session#","Mem Usage"
"System Idle Process","0","Services","0","8 K"
"System","4","Services","0","488 K"
"smss.exe","416","Services","0","852 K"
"csrss.exe","600","Services","0","6,348 K"
"wininit.exe","692","Services","0","6,632 K"
"services.exe","768","Services","0","9,576 K"
"lsass.exe","776","Services","0","18,856 K"
"svchost.exe","876","Services","0","3,208 K"
"svchost.exe","900","Services","0","27,464 K"
"fontdrvhost.exe","924","Services","0","3,996 K"
"svchost.exe","988","Services","0","13,052 K"
"svchost.exe","100","Services","0","9,376 K"
"svchost.exe","1092","Services","0","8,124 K"
"svchost.exe","1180","Services","0","9,196 K"
"svchost.exe","1208","Services","0","10,656 K"
"svchost.exe","1328","Services","0","5,372 K"
"svchost.exe","1412","Services","0","15,400 K"
"svchost.exe","1460","Services","0","9,668 K"
"svchost.exe","1484","Services","0","6,488 K"
"svchost.exe","1528","Services","0","7,188 K"
"NVDisplay.Container.exe","1560","Services","0","13,188 K"
"svchost.exe","1588","Services","0","7,564 K"
"svchost.exe","1648","Services","0","11,912 K"
"svchost.exe","1712","Services","0","8,248 K"
"tbaseprovisioning.exe","1788","Services","0","35,556 K"
"svchost.exe","1824","Services","0","8,700 K"
"svchost.exe","1904","Services","0","8,196 K"
"svchost.exe","2040","Services","0","6,612 K"
"svchost.exe","2056","Services","0","15,956 K"
"svchost.exe","2116","Services","0","10,600 K"
"svchost.exe","2152","Services","0","8,604 K"
"svchost.exe","2252","Services","0","5,068 K"
"svchost.exe","2260","Services","0","7,260 K"
"svchost.exe","2344","Services","0","8,200 K"
"svchost.exe","2368","Services","0","7,324 K"
"svchost.exe","2376","Services","0","11,412 K"
"svchost.exe","2508","Services","0","12,412 K"
"svchost.exe","2588","Services","0","5,720 K"
"svchost.exe","2596","Services","0","7,144 K"
"svchost.exe","2636","Services","0","10,912 K"
"svchost.exe","2660","Services","0","12,760 K"
"spoolsv.exe","2740","Services","0","28,944 K"
"svchost.exe","2772","Services","0","22,396 K"
"svchost.exe","2960","Services","0","15,108 K"
"svchost.exe","2968","Services","0","16,628 K"
"armsvc.exe","3012","Services","0","13,992 K"
"mDNSResponder.exe","3040","Services","0","6,432 K"
"svchost.exe","3052","Services","0","7,100 K"
"svchost.exe","3060","Services","0","24,440 K"
"svchost.exe","2364","Services","0","12,112 K"
"svchost.exe","3068","Services","0","8,796 K"
"svchost.exe","2408","Services","0","8,492 K"
"svchost.exe","2432","Services","0","20,324 K"
"svchost.exe","1992","Services","0","5,224 K"
"svchost.exe","2628","Services","0","33,824 K"
"nvcontainer.exe","2852","Services","0","25,856 K"
"AppleMobileDeviceService.exe","3080","Services","0","12,088 K"
"IpOverUsbSvc.exe","3120","Services","0","15,420 K"
"SecurityHealthService.exe","3128","Services","0","15,700 K"
"vmnetdhcp.exe","3148","Services","0","10,944 K"
"NvTelemetryContainer.exe","3156","Services","0","16,436 K"
"vmnat.exe","3176","Services","0","8,260 K"
"MsMpEng.exe","3200","Services","0","171,728 K"
"OfficeClickToRun.exe","3208","Services","0","78,324 K"
"svchost.exe","3584","Services","0","5,500 K"
"svchost.exe","3620","Services","0","8,692 K"
"Memory Compression","3692","Services","0","2,004 K"
"dasHost.exe","3744","Services","0","19,640 K"
"svchost.exe","3760","Services","0","18,624 K"
"vmware-authd.exe","3808","Services","0","11,728 K"
"vmware-usbarbitrator64.exe","3828","Services","0","9,664 K"
"svchost.exe","4224","Services","0","18,344 K"
"svchost.exe","4528","Services","0","9,124 K"
"vmware-hostd.exe","4976","Services","0","46,072 K"
"svchost.exe","5548","Services","0","13,632 K"
"svchost.exe","5556","Services","0","8,696 K"
"svchost.exe","5656","Services","0","9,280 K"
"svchost.exe","5844","Services","0","11,592 K"
"NisSrv.exe","6176","Services","0","9,840 K"
"svchost.exe","6920","Services","0","17,904 K"
"svchost.exe","7740","Services","0","17,744 K"
"GoogleCrashHandler.exe","8024","Services","0","824 K"
"GoogleCrashHandler64.exe","8036","Services","0","176 K"
"svchost.exe","8752","Services","0","20,764 K"
"audiodg.exe","9356","Services","0","29,108 K"
"iPodService.exe","10112","Services","0","8,704 K"
"svchost.exe","12788","Services","0","17,200 K"
"svchost.exe","13220","Services","0","38,544 K"
"IntuitUpdateService.exe","2132","Services","0","2,064 K"
"jhi_service.exe","11132","Services","0","6,332 K"
"LMS.exe","11808","Services","0","11,992 K"
"svchost.exe","10388","Services","0","8,796 K"
"svchost.exe","9860","Services","0","15,656 K"
"isa.exe","5436","Services","0","14,500 K"
"SearchIndexer.exe","388","Services","0","56,008 K"
"svchost.exe","8196","Services","0","10,124 K"
"svchost.exe","7012","Services","0","5,720 K"
"svchost.exe","1252","Services","0","9,240 K"
"csrss.exe","2604","Console","3","6,264 K"
"winlogon.exe","7660","Console","3","8,664 K"
"fontdrvhost.exe","3964","Console","3","11,996 K"
"dwm.exe","8332","Console","3","106,200 K"
"NVDisplay.Container.exe","13336","Console","3","26,216 K"
"svchost.exe","15316","Services","0","7,188 K"
"nvcontainer.exe","8120","Console","3","30,920 K"
"sihost.exe","9932","Console","3","34,616 K"
"svchost.exe","11888","Console","3","20,460 K"
"svchost.exe","13964","Console","3","29,052 K"
"taskhostw.exe","14856","Console","3","27,248 K"
"explorer.exe","15216","Console","3","166,804 K"
"ShellExperienceHost.exe","13020","Console","3","102,664 K"
"RuntimeBroker.exe","9452","Console","3","56,040 K"
"nvtray.exe","12240","Console","3","13,428 K"
"svchost.exe","7916","Console","3","22,880 K"
"MSASCuiL.exe","8232","Console","3","9,896 K"
"RtkNGUI64.exe","1948","Console","3","13,644 K"
"TiltWheelMouse.exe","10744","Console","3","8,996 K"
"iTunesHelper.exe","3464","Console","3","16,336 K"
"OneDrive.exe","1384","Console","3","44,804 K"
"nvspcaps64.exe","2652","Console","3","80,556 K"
"nvsphelper64.exe","7944","Console","3","11,988 K"
"NVIDIA Share.exe","5888","Console","3","85,400 K"
"chrome.exe","8940","Console","3","171,416 K"
"chrome.exe","4644","Console","3","9,724 K"
"chrome.exe","12508","Console","3","10,444 K"
"chrome.exe","14668","Console","3","219,460 K"
"chrome.exe","14632","Console","3","68,204 K"
"chrome.exe","2216","Console","3","37,072 K"
"NVIDIA Share.exe","1320","Console","3","57,136 K"
"NVIDIA Web Helper.exe","12696","Console","3","49,740 K"
"conhost.exe","14164","Console","3","10,352 K"
"CardLauncher.exe","11380","Console","3","15,828 K"
"ASHelper.exe","1152","Console","3","23,012 K"
"PfuSsMon.exe","12040","Console","3","30,232 K"
"SSFolderTray.exe","5648","Console","3","7,496 K"
"jusched.exe","10168","Console","3","13,004 K"
"vmware-tray.exe","11320","Console","3","8,668 K"
"ONENOTEM.EXE","7400","Console","3","2,436 K"
"SkypeHost.exe","14840","Console","3","508 K"
"jucheck.exe","4928","Console","3","14,424 K"
"svchost.exe","6352","Services","0","21,780 K"
"dllhost.exe","9660","Console","3","10,644 K"
"chrome.exe","10664","Console","3","137,680 K"
"svchost.exe","13972","Services","0","7,792 K"
"iTunes.exe","10368","Console","3","183,720 K"
"AppleMobileDeviceHelper.exe","6780","Console","3","15,580 K"
"conhost.exe","12232","Console","3","10,088 K"
"distnoted.exe","2780","Console","3","8,388 K"
"conhost.exe","10520","Console","3","10,080 K"
"APSDaemon.exe","12048","Console","3","16,872 K"
"ApplicationFrameHost.exe","5180","Console","3","25,060 K"
"splwow64.exe","11076","Console","3","24,804 K"
"SettingSyncHost.exe","7892","Console","3","4,220 K"
"chrome.exe","8344","Console","3","348,860 K"
"cmd.exe","2736","Console","3","4,788 K"
"conhost.exe","8220","Console","3","17,912 K"
"SearchUI.exe","3732","Console","3","150,404 K"
"RemindersServer.exe","10636","Console","3","1,972 K"
"chrome.exe","6372","Console","3","33,464 K"
"WINWORD.EXE","12128","Console","3","202,344 K"
"cmd.exe","3756","Console","3","3,316 K"
"conhost.exe","11552","Console","3","17,732 K"
"FileCoAuth.exe","2224","Console","3","12,148 K"
"chrome.exe","9908","Console","3","44,488 K"
"chrome.exe","11608","Console","3","91,540 K"
"svchost.exe","9236","Services","0","11,796 K"
"smartscreen.exe","5640","Console","3","18,328 K"
"svchost.exe","8736","Services","0","7,236 K"
"svchost.exe","2300","Services","0","6,836 K"
"WmiPrvSE.exe","8832","Services","0","8,376 K"
"WmiPrvSE.exe","10200","Services","0","15,780 K"
"backgroundTaskHost.exe","7276","Console","3","15,460 K"
"TrustedInstaller.exe","13828","Services","0","6,932 K"
"TiWorker.exe","8060","Services","0","9,744 K"
"tasklist.exe","14312","Console","3","7,920 K"
